<?xml version="1.0" encoding="UTF-8"?>
<extension id="maintenance_mode" status="released" xmlns="http://getsymphony.com/schemas/extension/1.0">
	<name>Maintenance Mode</name>
	<description>Temporarily close your site for maintenance</description>
	<repo type="github">https://github.com/symphonycms/maintenance_mode</repo>
	<url type="discuss">http://getsymphony.com/discuss/thread/32797/</url>
	<types>
		<type>Workflow</type>
		<type>Security</type>
	</types>
	<authors>
		<author>
			<name github="symphonycms" symphony="team">Symphony Team</name>
			<website>http://getsymphony.com</website>
		</author>
	</authors>
	<releases>
		<release version="1.9.2" date="2016-10-06" min="2.4" max="2.6.x">
			- Updated Russian language
		</release>
		<release version="1.9.1" date="2015-03-20" min="2.4" max="2.6.x">
			- Fix Useragent bug
		</release>
		<release version="1.9" date="2015-03-17" min="2.4" max="2.6.x">
			- Add Useragent Whitelist support
		</release>
		<release version="1.8.3" date="2015-03-11" min="2.4" max="2.6.x">
			- Mark compatibility with Symphony 2.6+
		</release>
		<release version="1.8.2" date="2014-10-20" min="2.4" max="2.5.x">
			- Fix error when unchecking the maintenance mode from the Preferences area
		</release>
		<release version="1.8.1" date="2014-08-27" min="2.4" max="2.5.x">
			- Fix error when default maintenance page is shown on Symphony 2.5
		</release>
		<release version="1.8" date="2014-08-17" min="2.4" max="2.5">
			- Add IP Whitelist feature (thanks @pointybeard)
			- Mark compatibility with Symphony 2.4+
		</release>
		<release version="1.7" date="2013-07-01" min="2.3">
			- Update links to **getsymphony.com**
		</release>
		<release version="1.6" date="2012-05-21" min="2.3">
			- Add support for Symphony 2.3
			- Update to use `PageManager`, new `Configuration` methods
		</release>
		<release version="1.5" date="2011-08-08" min="2.2" max="2.2.x">
			- Update to use `SYMPHONY_URL` constant (breaks compatibility with Symphony versions prior to 2.2)
			- Added Romanian translation
		</release>
		<release version="1.4" date="2011-01-01">
			- Added page type "maintenance" to the suggestion list
			- Fixed error handling
			- Removed empty language files
			- Updated included translations
		</release>
	</releases>
</extension>